candidate,class,precision,recall,f1,support
rollback_weak_gi2_to_69_guarded_research_stack,GALAXY,0.9907681460043126,0.9603926035816467,0.9753439325680971,377480
rollback_weak_gi2_to_69_guarded_research_stack,QSO,0.9522308095471826,0.9771049059696268,0.9645075122395154,117143
rollback_weak_gi2_to_69_guarded_research_stack,STAR,0.8835669739250523,0.9744934964460132,0.9268054334017394,82724
classblend_our-ovr-catboost-realmlp-features_GALAXY_a0p0050,GALAXY,0.9907968249456064,0.9602760411147611,0.9752977135384997,377480
classblend_our-ovr-catboost-realmlp-features_GALAXY_a0p0050,QSO,0.9518792615998669,0.9772073448690917,0.9643770297763719,117143
classblend_our-ovr-catboost-realmlp-features_GALAXY_a0p0050,STAR,0.8835863429604867,0.9744934964460132,0.9268160888485217,82724
classblend_our-classwise-logistic-blender_GALAXY_a0p0050,GALAXY,0.9907967997900785,0.9602733919677864,0.9752963350109171,377480
classblend_our-classwise-logistic-blender_GALAXY_a0p0050,QSO,0.9518792615998669,0.9772073448690917,0.9643770297763719,117143
classblend_our-classwise-logistic-blender_GALAXY_a0p0050,STAR,0.8835766583366215,0.9744934964460132,0.9268107610945044,82724
classblend_our-classwise-logistic-blender_GALAXY_a0p0100,GALAXY,0.9907967997900785,0.9602733919677864,0.9752963350109171,377480
classblend_our-classwise-logistic-blender_GALAXY_a0p0100,QSO,0.9518792615998669,0.9772073448690917,0.9643770297763719,117143
classblend_our-classwise-logistic-blender_GALAXY_a0p0100,STAR,0.8835766583366215,0.9744934964460132,0.9268107610945044,82724
classblend_our-classwise-logistic-blender_STAR_a0p0050,GALAXY,0.9907967997900785,0.9602733919677864,0.9752963350109171,377480
classblend_our-classwise-logistic-blender_STAR_a0p0050,QSO,0.9518792615998669,0.9772073448690917,0.9643770297763719,117143
classblend_our-classwise-logistic-blender_STAR_a0p0050,STAR,0.8835766583366215,0.9744934964460132,0.9268107610945044,82724
classblend_our-classwise-logistic-blender_STAR_a0p0100,GALAXY,0.9907967997900785,0.9602733919677864,0.9752963350109171,377480
classblend_our-classwise-logistic-blender_STAR_a0p0100,QSO,0.9518792615998669,0.9772073448690917,0.9643770297763719,117143
classblend_our-classwise-logistic-blender_STAR_a0p0100,STAR,0.8835766583366215,0.9744934964460132,0.9268107610945044,82724
classblend_our-ovr-catboost-realmlp-features_STAR_a0p0050,GALAXY,0.9907967997900785,0.9602733919677864,0.9752963350109171,377480
classblend_our-ovr-catboost-realmlp-features_STAR_a0p0050,QSO,0.9518792615998669,0.9772073448690917,0.9643770297763719,117143
classblend_our-ovr-catboost-realmlp-features_STAR_a0p0050,STAR,0.8835766583366215,0.9744934964460132,0.9268107610945044,82724
rollback_weak_gk_red_to_56_te_disagreement,GALAXY,0.9907993822520467,0.960260146232913,0.9752907543806545,377480
rollback_weak_gk_red_to_56_te_disagreement,QSO,0.9518792615998669,0.9772073448690917,0.9643770297763719,117143
rollback_weak_gk_red_to_56_te_disagreement,STAR,0.8835295149163762,0.9745055848363232,0.9267902923559777,82724
classblend_our-ovr-catboost-realmlp-features_GALAXY_a0p0100,GALAXY,0.9907941922505029,0.9602839885556851,0.975300537038432,377480
classblend_our-ovr-catboost-realmlp-features_GALAXY_a0p0100,QSO,0.9518634315078744,0.9772073448690917,0.9643689054569197,117143
classblend_our-ovr-catboost-realmlp-features_GALAXY_a0p0100,STAR,0.8836334937355447,0.9744814080557033,0.9268365593005007,82724
classblend_our-ovr-catboost-realmlp-features_GALAXY_a0p0400,GALAXY,0.9907838131836295,0.9603316732012293,0.9753201014854216,377480
classblend_our-ovr-catboost-realmlp-features_GALAXY_a0p0400,QSO,0.9518713464880552,0.9772073448690917,0.9643729675995351,117143
classblend_our-ovr-catboost-realmlp-features_GALAXY_a0p0400,STAR,0.8837930883255855,0.9744330544944635,0.9269024676310282,82724
classblend_90_subset_guard_68_plus_84_GALAXY_a0p0050,GALAXY,0.990796774634413,0.9602707428208117,0.9752949564796255,377480
classblend_90_subset_guard_68_plus_84_GALAXY_a0p0050,QSO,0.9518792615998669,0.9772073448690917,0.9643770297763719,117143
classblend_90_subset_guard_68_plus_84_GALAXY_a0p0050,STAR,0.8835669739250523,0.9744934964460132,0.9268054334017394,82724
classblend_90_subset_guard_68_plus_84_GALAXY_a0p0100,GALAXY,0.990796774634413,0.9602707428208117,0.9752949564796255,377480
classblend_90_subset_guard_68_plus_84_GALAXY_a0p0100,QSO,0.9518792615998669,0.9772073448690917,0.9643770297763719,117143
classblend_90_subset_guard_68_plus_84_GALAXY_a0p0100,STAR,0.8835669739250523,0.9744934964460132,0.9268054334017394,82724
classblend_90_subset_guard_68_plus_84_STAR_a0p0050,GALAXY,0.990796774634413,0.9602707428208117,0.9752949564796255,377480
classblend_90_subset_guard_68_plus_84_STAR_a0p0050,QSO,0.9518792615998669,0.9772073448690917,0.9643770297763719,117143
classblend_90_subset_guard_68_plus_84_STAR_a0p0050,STAR,0.8835669739250523,0.9744934964460132,0.9268054334017394,82724
classblend_90_subset_guard_68_plus_84_STAR_a0p0100,GALAXY,0.990796774634413,0.9602707428208117,0.9752949564796255,377480
classblend_90_subset_guard_68_plus_84_STAR_a0p0100,QSO,0.9518792615998669,0.9772073448690917,0.9643770297763719,117143
classblend_90_subset_guard_68_plus_84_STAR_a0p0100,STAR,0.8835669739250523,0.9744934964460132,0.9268054334017394,82724
classblend_84_classwise_research_blend_GALAXY_a0p0050,GALAXY,0.990796774634413,0.9602707428208117,0.9752949564796255,377480
classblend_84_classwise_research_blend_GALAXY_a0p0050,QSO,0.9518792615998669,0.9772073448690917,0.9643770297763719,117143
classblend_84_classwise_research_blend_GALAXY_a0p0050,STAR,0.8835669739250523,0.9744934964460132,0.9268054334017394,82724
classblend_84_classwise_research_blend_GALAXY_a0p0100,GALAXY,0.990796774634413,0.9602707428208117,0.9752949564796255,377480
classblend_84_classwise_research_blend_GALAXY_a0p0100,QSO,0.9518792615998669,0.9772073448690917,0.9643770297763719,117143
classblend_84_classwise_research_blend_GALAXY_a0p0100,STAR,0.8835669739250523,0.9744934964460132,0.9268054334017394,82724
classblend_84_classwise_research_blend_GALAXY_a0p0150,GALAXY,0.990796774634413,0.9602707428208117,0.9752949564796255,377480
classblend_84_classwise_research_blend_GALAXY_a0p0150,QSO,0.9518792615998669,0.9772073448690917,0.9643770297763719,117143
classblend_84_classwise_research_blend_GALAXY_a0p0150,STAR,0.8835669739250523,0.9744934964460132,0.9268054334017394,82724
classblend_84_classwise_research_blend_GALAXY_a0p0200,GALAXY,0.990796774634413,0.9602707428208117,0.9752949564796255,377480
classblend_84_classwise_research_blend_GALAXY_a0p0200,QSO,0.9518792615998669,0.9772073448690917,0.9643770297763719,117143
classblend_84_classwise_research_blend_GALAXY_a0p0200,STAR,0.8835669739250523,0.9744934964460132,0.9268054334017394,82724
classblend_84_classwise_research_blend_GALAXY_a0p0250,GALAXY,0.990796774634413,0.9602707428208117,0.9752949564796255,377480
classblend_84_classwise_research_blend_GALAXY_a0p0250,QSO,0.9518792615998669,0.9772073448690917,0.9643770297763719,117143
classblend_84_classwise_research_blend_GALAXY_a0p0250,STAR,0.8835669739250523,0.9744934964460132,0.9268054334017394,82724
classblend_84_classwise_research_blend_STAR_a0p0050,GALAXY,0.990796774634413,0.9602707428208117,0.9752949564796255,377480
classblend_84_classwise_research_blend_STAR_a0p0050,QSO,0.9518792615998669,0.9772073448690917,0.9643770297763719,117143
classblend_84_classwise_research_blend_STAR_a0p0050,STAR,0.8835669739250523,0.9744934964460132,0.9268054334017394,82724
classblend_84_classwise_research_blend_STAR_a0p0100,GALAXY,0.990796774634413,0.9602707428208117,0.9752949564796255,377480
classblend_84_classwise_research_blend_STAR_a0p0100,QSO,0.9518792615998669,0.9772073448690917,0.9643770297763719,117143
classblend_84_classwise_research_blend_STAR_a0p0100,STAR,0.8835669739250523,0.9744934964460132,0.9268054334017394,82724
classblend_84_classwise_research_blend_STAR_a0p0150,GALAXY,0.990796774634413,0.9602707428208117,0.9752949564796255,377480
classblend_84_classwise_research_blend_STAR_a0p0150,QSO,0.9518792615998669,0.9772073448690917,0.9643770297763719,117143
classblend_84_classwise_research_blend_STAR_a0p0150,STAR,0.8835669739250523,0.9744934964460132,0.9268054334017394,82724
classblend_84_classwise_research_blend_STAR_a0p0200,GALAXY,0.990796774634413,0.9602707428208117,0.9752949564796255,377480
classblend_84_classwise_research_blend_STAR_a0p0200,QSO,0.9518792615998669,0.9772073448690917,0.9643770297763719,117143
classblend_84_classwise_research_blend_STAR_a0p0200,STAR,0.8835669739250523,0.9744934964460132,0.9268054334017394,82724
classblend_85_classwise_research_blend_69start_QSO_a0p0050,GALAXY,0.990796774634413,0.9602707428208117,0.9752949564796255,377480
classblend_85_classwise_research_blend_69start_QSO_a0p0050,QSO,0.9518871768433131,0.9772073448690917,0.9643810919874306,117143
classblend_85_classwise_research_blend_69start_QSO_a0p0050,STAR,0.8835572897257722,0.9744934964460132,0.9268001057702256,82724
classblend_68_research_material_stack_GALAXY_a0p0050,GALAXY,0.990796774634413,0.9602707428208117,0.9752949564796255,377480
classblend_68_research_material_stack_GALAXY_a0p0050,QSO,0.9518792615998669,0.9772073448690917,0.9643770297763719,117143
classblend_68_research_material_stack_GALAXY_a0p0050,STAR,0.8835669739250523,0.9744934964460132,0.9268054334017394,82724
classblend_68_research_material_stack_GALAXY_a0p0100,GALAXY,0.990796774634413,0.9602707428208117,0.9752949564796255,377480
classblend_68_research_material_stack_GALAXY_a0p0100,QSO,0.9518792615998669,0.9772073448690917,0.9643770297763719,117143
classblend_68_research_material_stack_GALAXY_a0p0100,STAR,0.8835669739250523,0.9744934964460132,0.9268054334017394,82724
classblend_68_research_material_stack_STAR_a0p0050,GALAXY,0.990796774634413,0.9602707428208117,0.9752949564796255,377480
classblend_68_research_material_stack_STAR_a0p0050,QSO,0.9518792615998669,0.9772073448690917,0.9643770297763719,117143
classblend_68_research_material_stack_STAR_a0p0050,STAR,0.8835669739250523,0.9744934964460132,0.9268054334017394,82724
classblend_68_research_material_stack_STAR_a0p0100,GALAXY,0.990796774634413,0.9602707428208117,0.9752949564796255,377480
classblend_68_research_material_stack_STAR_a0p0100,QSO,0.9518792615998669,0.9772073448690917,0.9643770297763719,117143
classblend_68_research_material_stack_STAR_a0p0100,STAR,0.8835669739250523,0.9744934964460132,0.9268054334017394,82724
classblend_69_guarded_research_stack_QSO_a0p0050,GALAXY,0.990796774634413,0.9602707428208117,0.9752949564796255,377480
classblend_69_guarded_research_stack_QSO_a0p0050,QSO,0.9518871768433131,0.9772073448690917,0.9643810919874306,117143
classblend_69_guarded_research_stack_QSO_a0p0050,STAR,0.8835572897257722,0.9744934964460132,0.9268001057702256,82724
classblend_lr-stacker-v9-public-oof_QSO_a0p0050,GALAXY,0.990796774634413,0.9602707428208117,0.9752949564796255,377480
classblend_lr-stacker-v9-public-oof_QSO_a0p0050,QSO,0.9518871768433131,0.9772073448690917,0.9643810919874306,117143
classblend_lr-stacker-v9-public-oof_QSO_a0p0050,STAR,0.8835572897257722,0.9744934964460132,0.9268001057702256,82724
rollback_weak_ob_to_84_classwise_research_blend,GALAXY,0.990796774634413,0.9602707428208117,0.9752949564796255,377480
rollback_weak_ob_to_84_classwise_research_blend,QSO,0.9518871768433131,0.9772073448690917,0.9643810919874306,117143
rollback_weak_ob_to_84_classwise_research_blend,STAR,0.8835572897257722,0.9744934964460132,0.9268001057702256,82724
classblend_90_subset_guard_68_plus_84_GALAXY_a0p0150,GALAXY,0.990796774634413,0.9602707428208117,0.9752949564796255,377480
classblend_90_subset_guard_68_plus_84_GALAXY_a0p0150,QSO,0.9518792615998669,0.9772073448690917,0.9643770297763719,117143
classblend_90_subset_guard_68_plus_84_GALAXY_a0p0150,STAR,0.8835669739250523,0.9744934964460132,0.9268054334017394,82724
classblend_90_subset_guard_68_plus_84_GALAXY_a0p0200,GALAXY,0.990796774634413,0.9602707428208117,0.9752949564796255,377480
classblend_90_subset_guard_68_plus_84_GALAXY_a0p0200,QSO,0.9518792615998669,0.9772073448690917,0.9643770297763719,117143
classblend_90_subset_guard_68_plus_84_GALAXY_a0p0200,STAR,0.8835669739250523,0.9744934964460132,0.9268054334017394,82724
classblend_90_subset_guard_68_plus_84_GALAXY_a0p0250,GALAXY,0.990796774634413,0.9602707428208117,0.9752949564796255,377480
classblend_90_subset_guard_68_plus_84_GALAXY_a0p0250,QSO,0.9518792615998669,0.9772073448690917,0.9643770297763719,117143
classblend_90_subset_guard_68_plus_84_GALAXY_a0p0250,STAR,0.8835669739250523,0.9744934964460132,0.9268054334017394,82724
classblend_90_subset_guard_68_plus_84_STAR_a0p0150,GALAXY,0.990796774634413,0.9602707428208117,0.9752949564796255,377480
classblend_90_subset_guard_68_plus_84_STAR_a0p0150,QSO,0.9518792615998669,0.9772073448690917,0.9643770297763719,117143
classblend_90_subset_guard_68_plus_84_STAR_a0p0150,STAR,0.8835669739250523,0.9744934964460132,0.9268054334017394,82724
classblend_90_subset_guard_68_plus_84_STAR_a0p0200,GALAXY,0.990796774634413,0.9602707428208117,0.9752949564796255,377480
classblend_90_subset_guard_68_plus_84_STAR_a0p0200,QSO,0.9518792615998669,0.9772073448690917,0.9643770297763719,117143
classblend_90_subset_guard_68_plus_84_STAR_a0p0200,STAR,0.8835669739250523,0.9744934964460132,0.9268054334017394,82724
classblend_90_subset_guard_68_plus_84_STAR_a0p0250,GALAXY,0.990796774634413,0.9602707428208117,0.9752949564796255,377480
classblend_90_subset_guard_68_plus_84_STAR_a0p0250,QSO,0.9518792615998669,0.9772073448690917,0.9643770297763719,117143
classblend_90_subset_guard_68_plus_84_STAR_a0p0250,STAR,0.8835669739250523,0.9744934964460132,0.9268054334017394,82724
classblend_84_classwise_research_blend_GALAXY_a0p0300,GALAXY,0.990796774634413,0.9602707428208117,0.9752949564796255,377480
classblend_84_classwise_research_blend_GALAXY_a0p0300,QSO,0.9518792615998669,0.9772073448690917,0.9643770297763719,117143
classblend_84_classwise_research_blend_GALAXY_a0p0300,STAR,0.8835669739250523,0.9744934964460132,0.9268054334017394,82724
classblend_84_classwise_research_blend_GALAXY_a0p0350,GALAXY,0.990796774634413,0.9602707428208117,0.9752949564796255,377480
classblend_84_classwise_research_blend_GALAXY_a0p0350,QSO,0.9518792615998669,0.9772073448690917,0.9643770297763719,117143
classblend_84_classwise_research_blend_GALAXY_a0p0350,STAR,0.8835669739250523,0.9744934964460132,0.9268054334017394,82724
classblend_84_classwise_research_blend_GALAXY_a0p0400,GALAXY,0.990796774634413,0.9602707428208117,0.9752949564796255,377480
classblend_84_classwise_research_blend_GALAXY_a0p0400,QSO,0.9518792615998669,0.9772073448690917,0.9643770297763719,117143
classblend_84_classwise_research_blend_GALAXY_a0p0400,STAR,0.8835669739250523,0.9744934964460132,0.9268054334017394,82724
classblend_68_research_material_stack_GALAXY_a0p0150,GALAXY,0.990796774634413,0.9602707428208117,0.9752949564796255,377480
classblend_68_research_material_stack_GALAXY_a0p0150,QSO,0.9518792615998669,0.9772073448690917,0.9643770297763719,117143
classblend_68_research_material_stack_GALAXY_a0p0150,STAR,0.8835669739250523,0.9744934964460132,0.9268054334017394,82724
classblend_68_research_material_stack_GALAXY_a0p0200,GALAXY,0.990796774634413,0.9602707428208117,0.9752949564796255,377480
classblend_68_research_material_stack_GALAXY_a0p0200,QSO,0.9518792615998669,0.9772073448690917,0.9643770297763719,117143
classblend_68_research_material_stack_GALAXY_a0p0200,STAR,0.8835669739250523,0.9744934964460132,0.9268054334017394,82724
classblend_68_research_material_stack_GALAXY_a0p0250,GALAXY,0.990796774634413,0.9602707428208117,0.9752949564796255,377480
classblend_68_research_material_stack_GALAXY_a0p0250,QSO,0.9518792615998669,0.9772073448690917,0.9643770297763719,117143
classblend_68_research_material_stack_GALAXY_a0p0250,STAR,0.8835669739250523,0.9744934964460132,0.9268054334017394,82724
classblend_68_research_material_stack_STAR_a0p0150,GALAXY,0.990796774634413,0.9602707428208117,0.9752949564796255,377480
classblend_68_research_material_stack_STAR_a0p0150,QSO,0.9518792615998669,0.9772073448690917,0.9643770297763719,117143
classblend_68_research_material_stack_STAR_a0p0150,STAR,0.8835669739250523,0.9744934964460132,0.9268054334017394,82724
classblend_68_research_material_stack_STAR_a0p0200,GALAXY,0.990796774634413,0.9602707428208117,0.9752949564796255,377480
classblend_68_research_material_stack_STAR_a0p0200,QSO,0.9518792615998669,0.9772073448690917,0.9643770297763719,117143
classblend_68_research_material_stack_STAR_a0p0200,STAR,0.8835669739250523,0.9744934964460132,0.9268054334017394,82724
classblend_68_research_material_stack_STAR_a0p0250,GALAXY,0.990796774634413,0.9602707428208117,0.9752949564796255,377480
classblend_68_research_material_stack_STAR_a0p0250,QSO,0.9518792615998669,0.9772073448690917,0.9643770297763719,117143
classblend_68_research_material_stack_STAR_a0p0250,STAR,0.8835669739250523,0.9744934964460132,0.9268054334017394,82724
classblend_90_subset_guard_68_plus_84_GALAXY_a0p0300,GALAXY,0.990796774634413,0.9602707428208117,0.9752949564796255,377480
classblend_90_subset_guard_68_plus_84_GALAXY_a0p0300,QSO,0.9518792615998669,0.9772073448690917,0.9643770297763719,117143
classblend_90_subset_guard_68_plus_84_GALAXY_a0p0300,STAR,0.8835669739250523,0.9744934964460132,0.9268054334017394,82724
classblend_90_subset_guard_68_plus_84_GALAXY_a0p0350,GALAXY,0.990796774634413,0.9602707428208117,0.9752949564796255,377480
classblend_90_subset_guard_68_plus_84_GALAXY_a0p0350,QSO,0.9518792615998669,0.9772073448690917,0.9643770297763719,117143
classblend_90_subset_guard_68_plus_84_GALAXY_a0p0350,STAR,0.8835669739250523,0.9744934964460132,0.9268054334017394,82724
classblend_90_subset_guard_68_plus_84_STAR_a0p0300,GALAXY,0.990796774634413,0.9602707428208117,0.9752949564796255,377480
classblend_90_subset_guard_68_plus_84_STAR_a0p0300,QSO,0.9518792615998669,0.9772073448690917,0.9643770297763719,117143
classblend_90_subset_guard_68_plus_84_STAR_a0p0300,STAR,0.8835669739250523,0.9744934964460132,0.9268054334017394,82724
classblend_90_subset_guard_68_plus_84_STAR_a0p0350,GALAXY,0.990796774634413,0.9602707428208117,0.9752949564796255,377480
classblend_90_subset_guard_68_plus_84_STAR_a0p0350,QSO,0.9518792615998669,0.9772073448690917,0.9643770297763719,117143
classblend_90_subset_guard_68_plus_84_STAR_a0p0350,STAR,0.8835669739250523,0.9744934964460132,0.9268054334017394,82724
classblend_68_research_material_stack_GALAXY_a0p0300,GALAXY,0.990796774634413,0.9602707428208117,0.9752949564796255,377480
classblend_68_research_material_stack_GALAXY_a0p0300,QSO,0.9518792615998669,0.9772073448690917,0.9643770297763719,117143
classblend_68_research_material_stack_GALAXY_a0p0300,STAR,0.8835669739250523,0.9744934964460132,0.9268054334017394,82724
classblend_68_research_material_stack_GALAXY_a0p0350,GALAXY,0.990796774634413,0.9602707428208117,0.9752949564796255,377480
classblend_68_research_material_stack_GALAXY_a0p0350,QSO,0.9518792615998669,0.9772073448690917,0.9643770297763719,117143
classblend_68_research_material_stack_GALAXY_a0p0350,STAR,0.8835669739250523,0.9744934964460132,0.9268054334017394,82724
classblend_68_research_material_stack_STAR_a0p0300,GALAXY,0.990796774634413,0.9602707428208117,0.9752949564796255,377480
classblend_68_research_material_stack_STAR_a0p0300,QSO,0.9518792615998669,0.9772073448690917,0.9643770297763719,117143
classblend_68_research_material_stack_STAR_a0p0300,STAR,0.8835669739250523,0.9744934964460132,0.9268054334017394,82724
classblend_68_research_material_stack_STAR_a0p0350,GALAXY,0.990796774634413,0.9602707428208117,0.9752949564796255,377480
classblend_68_research_material_stack_STAR_a0p0350,QSO,0.9518792615998669,0.9772073448690917,0.9643770297763719,117143
classblend_68_research_material_stack_STAR_a0p0350,STAR,0.8835669739250523,0.9744934964460132,0.9268054334017394,82724
classblend_our-ovr-catboost-realmlp-features_STAR_a0p0100,GALAXY,0.9907942425749882,0.9602892868496344,0.9753032940600375,377480
classblend_our-ovr-catboost-realmlp-features_STAR_a0p0100,QSO,0.9518788614573546,0.9771988082941362,0.9643726674585724,117143
classblend_our-ovr-catboost-realmlp-features_STAR_a0p0100,STAR,0.8836238079579086,0.9744814080557033,0.9268312312450417,82724
classblend_90_subset_guard_68_plus_84_QSO_a0p0050,GALAXY,0.9907967494786101,0.960268093673837,0.9752935779446248,377480
classblend_90_subset_guard_68_plus_84_QSO_a0p0050,QSO,0.9518792615998669,0.9772073448690917,0.9643770297763719,117143
classblend_90_subset_guard_68_plus_84_QSO_a0p0050,STAR,0.8835572897257722,0.9744934964460132,0.9268001057702256,82724
classblend_90_subset_guard_68_plus_84_QSO_a0p0100,GALAXY,0.9907967494786101,0.960268093673837,0.9752935779446248,377480
classblend_90_subset_guard_68_plus_84_QSO_a0p0100,QSO,0.9518792615998669,0.9772073448690917,0.9643770297763719,117143
classblend_90_subset_guard_68_plus_84_QSO_a0p0100,STAR,0.8835572897257722,0.9744934964460132,0.9268001057702256,82724
classblend_90_subset_guard_68_plus_84_QSO_a0p0150,GALAXY,0.9907967494786101,0.960268093673837,0.9752935779446248,377480
classblend_90_subset_guard_68_plus_84_QSO_a0p0150,QSO,0.9518792615998669,0.9772073448690917,0.9643770297763719,117143
classblend_90_subset_guard_68_plus_84_QSO_a0p0150,STAR,0.8835572897257722,0.9744934964460132,0.9268001057702256,82724
classblend_90_subset_guard_68_plus_84_QSO_a0p0200,GALAXY,0.9907967494786101,0.960268093673837,0.9752935779446248,377480
classblend_90_subset_guard_68_plus_84_QSO_a0p0200,QSO,0.9518792615998669,0.9772073448690917,0.9643770297763719,117143
classblend_90_subset_guard_68_plus_84_QSO_a0p0200,STAR,0.8835572897257722,0.9744934964460132,0.9268001057702256,82724
classblend_90_subset_guard_68_plus_84_QSO_a0p0250,GALAXY,0.9907967494786101,0.960268093673837,0.9752935779446248,377480
classblend_90_subset_guard_68_plus_84_QSO_a0p0250,QSO,0.9518792615998669,0.9772073448690917,0.9643770297763719,117143
classblend_90_subset_guard_68_plus_84_QSO_a0p0250,STAR,0.8835572897257722,0.9744934964460132,0.9268001057702256,82724
classblend_84_classwise_research_blend_QSO_a0p0050,GALAXY,0.9907967494786101,0.960268093673837,0.9752935779446248,377480
classblend_84_classwise_research_blend_QSO_a0p0050,QSO,0.9518792615998669,0.9772073448690917,0.9643770297763719,117143
classblend_84_classwise_research_blend_QSO_a0p0050,STAR,0.8835572897257722,0.9744934964460132,0.9268001057702256,82724
classblend_84_classwise_research_blend_QSO_a0p0100,GALAXY,0.9907967494786101,0.960268093673837,0.9752935779446248,377480
classblend_84_classwise_research_blend_QSO_a0p0100,QSO,0.9518792615998669,0.9772073448690917,0.9643770297763719,117143
classblend_84_classwise_research_blend_QSO_a0p0100,STAR,0.8835572897257722,0.9744934964460132,0.9268001057702256,82724
classblend_84_classwise_research_blend_QSO_a0p0150,GALAXY,0.9907967494786101,0.960268093673837,0.9752935779446248,377480
classblend_84_classwise_research_blend_QSO_a0p0150,QSO,0.9518792615998669,0.9772073448690917,0.9643770297763719,117143
classblend_84_classwise_research_blend_QSO_a0p0150,STAR,0.8835572897257722,0.9744934964460132,0.9268001057702256,82724
classblend_68_research_material_stack_QSO_a0p0050,GALAXY,0.9907967494786101,0.960268093673837,0.9752935779446248,377480
classblend_68_research_material_stack_QSO_a0p0050,QSO,0.9518792615998669,0.9772073448690917,0.9643770297763719,117143
classblend_68_research_material_stack_QSO_a0p0050,STAR,0.8835572897257722,0.9744934964460132,0.9268001057702256,82724
classblend_68_research_material_stack_QSO_a0p0100,GALAXY,0.9907967494786101,0.960268093673837,0.9752935779446248,377480
classblend_68_research_material_stack_QSO_a0p0100,QSO,0.9518792615998669,0.9772073448690917,0.9643770297763719,117143
classblend_68_research_material_stack_QSO_a0p0100,STAR,0.8835572897257722,0.9744934964460132,0.9268001057702256,82724
classblend_68_research_material_stack_QSO_a0p0150,GALAXY,0.9907967494786101,0.960268093673837,0.9752935779446248,377480
classblend_68_research_material_stack_QSO_a0p0150,QSO,0.9518792615998669,0.9772073448690917,0.9643770297763719,117143
classblend_68_research_material_stack_QSO_a0p0150,STAR,0.8835572897257722,0.9744934964460132,0.9268001057702256,82724
classblend_68_research_material_stack_QSO_a0p0200,GALAXY,0.9907967494786101,0.960268093673837,0.9752935779446248,377480
classblend_68_research_material_stack_QSO_a0p0200,QSO,0.9518792615998669,0.9772073448690917,0.9643770297763719,117143
classblend_68_research_material_stack_QSO_a0p0200,STAR,0.8835572897257722,0.9744934964460132,0.9268001057702256,82724
classblend_68_research_material_stack_QSO_a0p0250,GALAXY,0.9907967494786101,0.960268093673837,0.9752935779446248,377480
classblend_68_research_material_stack_QSO_a0p0250,QSO,0.9518792615998669,0.9772073448690917,0.9643770297763719,117143
classblend_68_research_material_stack_QSO_a0p0250,STAR,0.8835572897257722,0.9744934964460132,0.9268001057702256,82724
classblend_56_te_disagreement_GALAXY_a0p0050,GALAXY,0.9907967494786101,0.960268093673837,0.9752935779446248,377480
classblend_56_te_disagreement_GALAXY_a0p0050,QSO,0.9518792615998669,0.9772073448690917,0.9643770297763719,117143
classblend_56_te_disagreement_GALAXY_a0p0050,STAR,0.8835572897257722,0.9744934964460132,0.9268001057702256,82724
classblend_56_te_disagreement_GALAXY_a0p0100,GALAXY,0.9907967494786101,0.960268093673837,0.9752935779446248,377480
classblend_56_te_disagreement_GALAXY_a0p0100,QSO,0.9518792615998669,0.9772073448690917,0.9643770297763719,117143
classblend_56_te_disagreement_GALAXY_a0p0100,STAR,0.8835572897257722,0.9744934964460132,0.9268001057702256,82724
classblend_56_te_disagreement_QSO_a0p0050,GALAXY,0.9907967494786101,0.960268093673837,0.9752935779446248,377480
classblend_56_te_disagreement_QSO_a0p0050,QSO,0.9518792615998669,0.9772073448690917,0.9643770297763719,117143
classblend_56_te_disagreement_QSO_a0p0050,STAR,0.8835572897257722,0.9744934964460132,0.9268001057702256,82724
classblend_56_te_disagreement_QSO_a0p0100,GALAXY,0.9907967494786101,0.960268093673837,0.9752935779446248,377480
classblend_56_te_disagreement_QSO_a0p0100,QSO,0.9518792615998669,0.9772073448690917,0.9643770297763719,117143
classblend_56_te_disagreement_QSO_a0p0100,STAR,0.8835572897257722,0.9744934964460132,0.9268001057702256,82724
classblend_56_te_disagreement_STAR_a0p0050,GALAXY,0.9907967494786101,0.960268093673837,0.9752935779446248,377480
classblend_56_te_disagreement_STAR_a0p0050,QSO,0.9518792615998669,0.9772073448690917,0.9643770297763719,117143
classblend_56_te_disagreement_STAR_a0p0050,STAR,0.8835572897257722,0.9744934964460132,0.9268001057702256,82724
classblend_56_te_disagreement_STAR_a0p0100,GALAXY,0.9907967494786101,0.960268093673837,0.9752935779446248,377480
classblend_56_te_disagreement_STAR_a0p0100,QSO,0.9518792615998669,0.9772073448690917,0.9643770297763719,117143
classblend_56_te_disagreement_STAR_a0p0100,STAR,0.8835572897257722,0.9744934964460132,0.9268001057702256,82724
classblend_56_te_disagreement_STAR_a0p0150,GALAXY,0.9907967494786101,0.960268093673837,0.9752935779446248,377480
classblend_56_te_disagreement_STAR_a0p0150,QSO,0.9518792615998669,0.9772073448690917,0.9643770297763719,117143
classblend_56_te_disagreement_STAR_a0p0150,STAR,0.8835572897257722,0.9744934964460132,0.9268001057702256,82724
classblend_56_te_disagreement_STAR_a0p0200,GALAXY,0.9907967494786101,0.960268093673837,0.9752935779446248,377480
classblend_56_te_disagreement_STAR_a0p0200,QSO,0.9518792615998669,0.9772073448690917,0.9643770297763719,117143
classblend_56_te_disagreement_STAR_a0p0200,STAR,0.8835572897257722,0.9744934964460132,0.9268001057702256,82724
classblend_56_te_disagreement_STAR_a0p0250,GALAXY,0.9907967494786101,0.960268093673837,0.9752935779446248,377480
classblend_56_te_disagreement_STAR_a0p0250,QSO,0.9518792615998669,0.9772073448690917,0.9643770297763719,117143
classblend_56_te_disagreement_STAR_a0p0250,STAR,0.8835572897257722,0.9744934964460132,0.9268001057702256,82724
classblend_56_te_disagreement_STAR_a0p0300,GALAXY,0.9907967494786101,0.960268093673837,0.9752935779446248,377480
classblend_56_te_disagreement_STAR_a0p0300,QSO,0.9518792615998669,0.9772073448690917,0.9643770297763719,117143
classblend_56_te_disagreement_STAR_a0p0300,STAR,0.8835572897257722,0.9744934964460132,0.9268001057702256,82724
classblend_56_te_disagreement_GALAXY_a0p0150,GALAXY,0.9907967243226695,0.9602654445268624,0.9752921994059149,377480
classblend_56_te_disagreement_GALAXY_a0p0150,QSO,0.9518713464880552,0.9772073448690917,0.9643729675995351,117143
classblend_56_te_disagreement_GALAXY_a0p0150,STAR,0.8835572897257722,0.9744934964460132,0.9268001057702256,82724
classblend_56_te_disagreement_QSO_a0p0150,GALAXY,0.9907967243226695,0.9602654445268624,0.9752921994059149,377480
classblend_56_te_disagreement_QSO_a0p0150,QSO,0.9518713464880552,0.9772073448690917,0.9643729675995351,117143
classblend_56_te_disagreement_QSO_a0p0150,STAR,0.8835572897257722,0.9744934964460132,0.9268001057702256,82724
classblend_our-classwise-logistic-blender_STAR_a0p0150,GALAXY,0.9907967997900785,0.9602733919677864,0.9752963350109171,377480
classblend_our-classwise-logistic-blender_STAR_a0p0150,QSO,0.9518709462830534,0.9771988082941362,0.9643686052829997,117143
classblend_our-classwise-logistic-blender_STAR_a0p0150,STAR,0.8835766583366215,0.9744934964460132,0.9268107610945044,82724
classblend_realmlp-0_QSO_a0p0050,GALAXY,0.9907966991665915,0.9602627953798877,0.9752908208634962,377480
classblend_realmlp-0_QSO_a0p0050,QSO,0.9518634315078744,0.9772073448690917,0.9643689054569197,117143
classblend_realmlp-0_QSO_a0p0050,STAR,0.8835572897257722,0.9744934964460132,0.9268001057702256,82724
classblend_56_te_disagreement_GALAXY_a0p0200,GALAXY,0.9907966991665915,0.9602627953798877,0.9752908208634962,377480
classblend_56_te_disagreement_GALAXY_a0p0200,QSO,0.9518634315078744,0.9772073448690917,0.9643689054569197,117143
classblend_56_te_disagreement_GALAXY_a0p0200,STAR,0.8835572897257722,0.9744934964460132,0.9268001057702256,82724
classblend_56_te_disagreement_GALAXY_a0p0250,GALAXY,0.9907966991665915,0.9602627953798877,0.9752908208634962,377480
classblend_56_te_disagreement_GALAXY_a0p0250,QSO,0.9518634315078744,0.9772073448690917,0.9643689054569197,117143
classblend_56_te_disagreement_GALAXY_a0p0250,STAR,0.8835572897257722,0.9744934964460132,0.9268001057702256,82724
classblend_56_te_disagreement_QSO_a0p0200,GALAXY,0.9907966991665915,0.9602627953798877,0.9752908208634962,377480
classblend_56_te_disagreement_QSO_a0p0200,QSO,0.9518634315078744,0.9772073448690917,0.9643689054569197,117143
classblend_56_te_disagreement_QSO_a0p0200,STAR,0.8835572897257722,0.9744934964460132,0.9268001057702256,82724
classblend_84_classwise_research_blend_STAR_a0p0250,GALAXY,0.990796774634413,0.9602707428208117,0.9752949564796255,377480
classblend_84_classwise_research_blend_STAR_a0p0250,QSO,0.9518788614573546,0.9771988082941362,0.9643726674585724,117143
classblend_84_classwise_research_blend_STAR_a0p0250,STAR,0.8835572897257722,0.9744934964460132,0.9268001057702256,82724
classblend_84_classwise_research_blend_STAR_a0p0300,GALAXY,0.990796774634413,0.9602707428208117,0.9752949564796255,377480
classblend_84_classwise_research_blend_STAR_a0p0300,QSO,0.9518788614573546,0.9771988082941362,0.9643726674585724,117143
classblend_84_classwise_research_blend_STAR_a0p0300,STAR,0.8835572897257722,0.9744934964460132,0.9268001057702256,82724
classblend_84_classwise_research_blend_STAR_a0p0350,GALAXY,0.990796774634413,0.9602707428208117,0.9752949564796255,377480
classblend_84_classwise_research_blend_STAR_a0p0350,QSO,0.9518788614573546,0.9771988082941362,0.9643726674585724,117143
classblend_84_classwise_research_blend_STAR_a0p0350,STAR,0.8835572897257722,0.9744934964460132,0.9268001057702256,82724
classblend_84_classwise_research_blend_STAR_a0p0400,GALAXY,0.990796774634413,0.9602707428208117,0.9752949564796255,377480
classblend_84_classwise_research_blend_STAR_a0p0400,QSO,0.9518788614573546,0.9771988082941362,0.9643726674585724,117143
classblend_84_classwise_research_blend_STAR_a0p0400,STAR,0.8835572897257722,0.9744934964460132,0.9268001057702256,82724
classblend_our-ovr-catboost-realmlp-features_GALAXY_a0p0200,GALAXY,0.9907863196936608,0.9603104800254318,0.9753103858349174,377480
classblend_our-ovr-catboost-realmlp-features_GALAXY_a0p0200,QSO,0.9518555166593217,0.9772073448690917,0.9643648433485253,117143
classblend_our-ovr-catboost-realmlp-features_GALAXY_a0p0200,STAR,0.8837362275941457,0.9744451428847735,0.9268766636579491,82724
classblend_our-classwise-logistic-blender_GALAXY_a0p0150,GALAXY,0.990794091599882,0.9602733919677864,0.9752950229507139,377480
classblend_our-classwise-logistic-blender_GALAXY_a0p0150,QSO,0.9518792615998669,0.9772073448690917,0.9643770297763719,117143
classblend_our-classwise-logistic-blender_GALAXY_a0p0150,STAR,0.8835753822546172,0.9744814080557033,0.926804591886594,82724
classblend_our-classwise-logistic-blender_GALAXY_a0p0200,GALAXY,0.990794091599882,0.9602733919677864,0.9752950229507139,377480
classblend_our-classwise-logistic-blender_GALAXY_a0p0200,QSO,0.9518713464880552,0.9772073448690917,0.9643729675995351,117143
classblend_our-classwise-logistic-blender_GALAXY_a0p0200,STAR,0.8835850669706469,0.9744814080557033,0.926809919635774,82724
classblend_our-catboost-realmlp-features_QSO_a0p0050,GALAXY,0.990796674010376,0.960260146232913,0.9752894423173681,377480
classblend_our-catboost-realmlp-features_QSO_a0p0050,QSO,0.9518555166593217,0.9772073448690917,0.9643648433485253,117143
classblend_our-catboost-realmlp-features_QSO_a0p0050,STAR,0.8835572897257722,0.9744934964460132,0.9268001057702256,82724
classblend_56_te_disagreement_GALAXY_a0p0300,GALAXY,0.990796674010376,0.960260146232913,0.9752894423173681,377480
classblend_56_te_disagreement_GALAXY_a0p0300,QSO,0.9518634315078744,0.9772073448690917,0.9643689054569197,117143
classblend_56_te_disagreement_GALAXY_a0p0300,STAR,0.883547605738774,0.9744934964460132,0.9267947781999619,82724
classblend_56_te_disagreement_GALAXY_a0p0350,GALAXY,0.990796674010376,0.960260146232913,0.9752894423173681,377480
classblend_56_te_disagreement_GALAXY_a0p0350,QSO,0.9518634315078744,0.9772073448690917,0.9643689054569197,117143
classblend_56_te_disagreement_GALAXY_a0p0350,STAR,0.883547605738774,0.9744934964460132,0.9267947781999619,82724
classblend_56_te_disagreement_GALAXY_a0p0400,GALAXY,0.990796674010376,0.960260146232913,0.9752894423173681,377480
classblend_56_te_disagreement_GALAXY_a0p0400,QSO,0.9518634315078744,0.9772073448690917,0.9643689054569197,117143
classblend_56_te_disagreement_GALAXY_a0p0400,STAR,0.883547605738774,0.9744934964460132,0.9267947781999619,82724
classblend_56_te_disagreement_GALAXY_a0p0450,GALAXY,0.990796674010376,0.960260146232913,0.9752894423173681,377480
classblend_56_te_disagreement_GALAXY_a0p0450,QSO,0.9518634315078744,0.9772073448690917,0.9643689054569197,117143
classblend_56_te_disagreement_GALAXY_a0p0450,STAR,0.883547605738774,0.9744934964460132,0.9267947781999619,82724
classblend_56_te_disagreement_GALAXY_a0p0500,GALAXY,0.990796674010376,0.960260146232913,0.9752894423173681,377480
classblend_56_te_disagreement_GALAXY_a0p0500,QSO,0.9518634315078744,0.9772073448690917,0.9643689054569197,117143
classblend_56_te_disagreement_GALAXY_a0p0500,STAR,0.883547605738774,0.9744934964460132,0.9267947781999619,82724
classblend_56_te_disagreement_GALAXY_a0p0550,GALAXY,0.990796674010376,0.960260146232913,0.9752894423173681,377480
classblend_56_te_disagreement_GALAXY_a0p0550,QSO,0.9518634315078744,0.9772073448690917,0.9643689054569197,117143
classblend_56_te_disagreement_GALAXY_a0p0550,STAR,0.883547605738774,0.9744934964460132,0.9267947781999619,82724
classblend_56_te_disagreement_GALAXY_a0p0600,GALAXY,0.990796674010376,0.960260146232913,0.9752894423173681,377480
classblend_56_te_disagreement_GALAXY_a0p0600,QSO,0.9518634315078744,0.9772073448690917,0.9643689054569197,117143
classblend_56_te_disagreement_GALAXY_a0p0600,STAR,0.883547605738774,0.9744934964460132,0.9267947781999619,82724
classblend_56_te_disagreement_GALAXY_a0p0650,GALAXY,0.990796674010376,0.960260146232913,0.9752894423173681,377480
classblend_56_te_disagreement_GALAXY_a0p0650,QSO,0.9518634315078744,0.9772073448690917,0.9643689054569197,117143
classblend_56_te_disagreement_GALAXY_a0p0650,STAR,0.883547605738774,0.9744934964460132,0.9267947781999619,82724
classblend_56_te_disagreement_GALAXY_a0p0700,GALAXY,0.990796674010376,0.960260146232913,0.9752894423173681,377480
classblend_56_te_disagreement_GALAXY_a0p0700,QSO,0.9518634315078744,0.9772073448690917,0.9643689054569197,117143
classblend_56_te_disagreement_GALAXY_a0p0700,STAR,0.883547605738774,0.9744934964460132,0.9267947781999619,82724
classblend_our-ovr-catboost-realmlp-features_GALAXY_a0p0350,GALAXY,0.9907810800321418,0.9603290240542546,0.975317410991743,377480
classblend_our-ovr-catboost-realmlp-features_GALAXY_a0p0350,QSO,0.9518788614573546,0.9771988082941362,0.9643726674585724,117143
classblend_our-ovr-catboost-realmlp-features_GALAXY_a0p0350,STAR,0.8837737090231335,0.9744330544944635,0.9268918095369508,82724
classblend_our-classwise-logistic-blender_GALAXY_a0p0400,GALAXY,0.9907914841044452,0.9602839885556851,0.9752992249814014,377480
classblend_our-classwise-logistic-blender_GALAXY_a0p0400,QSO,0.9518713464880552,0.9772073448690917,0.9643729675995351,117143
classblend_our-classwise-logistic-blender_GALAXY_a0p0400,STAR,0.8836225323088053,0.9744693196653934,0.9268250619420189,82724
classblend_90_subset_guard_68_plus_84_QSO_a0p0300,GALAXY,0.9907967494786101,0.960268093673837,0.9752935779446248,377480
classblend_90_subset_guard_68_plus_84_QSO_a0p0300,QSO,0.9518788614573546,0.9771988082941362,0.9643726674585724,117143
classblend_90_subset_guard_68_plus_84_QSO_a0p0300,STAR,0.883547605738774,0.9744934964460132,0.9267947781999619,82724
classblend_90_subset_guard_68_plus_84_QSO_a0p0350,GALAXY,0.9907967494786101,0.960268093673837,0.9752935779446248,377480
classblend_90_subset_guard_68_plus_84_QSO_a0p0350,QSO,0.9518788614573546,0.9771988082941362,0.9643726674585724,117143
classblend_90_subset_guard_68_plus_84_QSO_a0p0350,STAR,0.883547605738774,0.9744934964460132,0.9267947781999619,82724
classblend_90_subset_guard_68_plus_84_QSO_a0p0400,GALAXY,0.9907967494786101,0.960268093673837,0.9752935779446248,377480
classblend_90_subset_guard_68_plus_84_QSO_a0p0400,QSO,0.9518788614573546,0.9771988082941362,0.9643726674585724,117143
classblend_90_subset_guard_68_plus_84_QSO_a0p0400,STAR,0.883547605738774,0.9744934964460132,0.9267947781999619,82724
classblend_90_subset_guard_68_plus_84_QSO_a0p0450,GALAXY,0.9907967494786101,0.960268093673837,0.9752935779446248,377480
classblend_90_subset_guard_68_plus_84_QSO_a0p0450,QSO,0.9518788614573546,0.9771988082941362,0.9643726674585724,117143
classblend_90_subset_guard_68_plus_84_QSO_a0p0450,STAR,0.883547605738774,0.9744934964460132,0.9267947781999619,82724
classblend_90_subset_guard_68_plus_84_QSO_a0p0500,GALAXY,0.9907967494786101,0.960268093673837,0.9752935779446248,377480
classblend_90_subset_guard_68_plus_84_QSO_a0p0500,QSO,0.9518788614573546,0.9771988082941362,0.9643726674585724,117143
classblend_90_subset_guard_68_plus_84_QSO_a0p0500,STAR,0.883547605738774,0.9744934964460132,0.9267947781999619,82724
classblend_90_subset_guard_68_plus_84_QSO_a0p0550,GALAXY,0.9907967494786101,0.960268093673837,0.9752935779446248,377480
classblend_90_subset_guard_68_plus_84_QSO_a0p0550,QSO,0.9518788614573546,0.9771988082941362,0.9643726674585724,117143
classblend_90_subset_guard_68_plus_84_QSO_a0p0550,STAR,0.883547605738774,0.9744934964460132,0.9267947781999619,82724
classblend_90_subset_guard_68_plus_84_QSO_a0p0600,GALAXY,0.9907967494786101,0.960268093673837,0.9752935779446248,377480
classblend_90_subset_guard_68_plus_84_QSO_a0p0600,QSO,0.9518788614573546,0.9771988082941362,0.9643726674585724,117143
classblend_90_subset_guard_68_plus_84_QSO_a0p0600,STAR,0.883547605738774,0.9744934964460132,0.9267947781999619,82724
classblend_90_subset_guard_68_plus_84_QSO_a0p0650,GALAXY,0.9907967494786101,0.960268093673837,0.9752935779446248,377480
classblend_90_subset_guard_68_plus_84_QSO_a0p0650,QSO,0.9518788614573546,0.9771988082941362,0.9643726674585724,117143
classblend_90_subset_guard_68_plus_84_QSO_a0p0650,STAR,0.883547605738774,0.9744934964460132,0.9267947781999619,82724
classblend_90_subset_guard_68_plus_84_QSO_a0p0700,GALAXY,0.9907967494786101,0.960268093673837,0.9752935779446248,377480
classblend_90_subset_guard_68_plus_84_QSO_a0p0700,QSO,0.9518788614573546,0.9771988082941362,0.9643726674585724,117143
classblend_90_subset_guard_68_plus_84_QSO_a0p0700,STAR,0.883547605738774,0.9744934964460132,0.9267947781999619,82724
classblend_90_subset_guard_68_plus_84_QSO_a0p0750,GALAXY,0.9907967494786101,0.960268093673837,0.9752935779446248,377480
classblend_90_subset_guard_68_plus_84_QSO_a0p0750,QSO,0.9518788614573546,0.9771988082941362,0.9643726674585724,117143
classblend_90_subset_guard_68_plus_84_QSO_a0p0750,STAR,0.883547605738774,0.9744934964460132,0.9267947781999619,82724
classblend_84_classwise_research_blend_QSO_a0p0200,GALAXY,0.9907967494786101,0.960268093673837,0.9752935779446248,377480
classblend_84_classwise_research_blend_QSO_a0p0200,QSO,0.9518788614573546,0.9771988082941362,0.9643726674585724,117143
classblend_84_classwise_research_blend_QSO_a0p0200,STAR,0.883547605738774,0.9744934964460132,0.9267947781999619,82724
classblend_84_classwise_research_blend_QSO_a0p0250,GALAXY,0.9907967494786101,0.960268093673837,0.9752935779446248,377480
classblend_84_classwise_research_blend_QSO_a0p0250,QSO,0.9518788614573546,0.9771988082941362,0.9643726674585724,117143
classblend_84_classwise_research_blend_QSO_a0p0250,STAR,0.883547605738774,0.9744934964460132,0.9267947781999619,82724
classblend_84_classwise_research_blend_QSO_a0p0300,GALAXY,0.9907967494786101,0.960268093673837,0.9752935779446248,377480
classblend_84_classwise_research_blend_QSO_a0p0300,QSO,0.9518788614573546,0.9771988082941362,0.9643726674585724,117143
classblend_84_classwise_research_blend_QSO_a0p0300,STAR,0.883547605738774,0.9744934964460132,0.9267947781999619,82724
classblend_84_classwise_research_blend_QSO_a0p0350,GALAXY,0.9907967494786101,0.960268093673837,0.9752935779446248,377480
classblend_84_classwise_research_blend_QSO_a0p0350,QSO,0.9518788614573546,0.9771988082941362,0.9643726674585724,117143
classblend_84_classwise_research_blend_QSO_a0p0350,STAR,0.883547605738774,0.9744934964460132,0.9267947781999619,82724
classblend_84_classwise_research_blend_QSO_a0p0400,GALAXY,0.9907967494786101,0.960268093673837,0.9752935779446248,377480
classblend_84_classwise_research_blend_QSO_a0p0400,QSO,0.9518788614573546,0.9771988082941362,0.9643726674585724,117143
classblend_84_classwise_research_blend_QSO_a0p0400,STAR,0.883547605738774,0.9744934964460132,0.9267947781999619,82724
classblend_84_classwise_research_blend_QSO_a0p0450,GALAXY,0.9907967494786101,0.960268093673837,0.9752935779446248,377480
classblend_84_classwise_research_blend_QSO_a0p0450,QSO,0.9518788614573546,0.9771988082941362,0.9643726674585724,117143
classblend_84_classwise_research_blend_QSO_a0p0450,STAR,0.883547605738774,0.9744934964460132,0.9267947781999619,82724
